Customer ID,Age,Gender,Location(India),Date of Joining,Recency,Frequency,Monetary,RFM Score,Segment,Personalized Recommendation
CUST0292,35,Female,Kolkata,10-12-2023,31,20,5688.47,424,Gold Customer,Offer loyalty rewards and exclusive discounts on premium products.
CUST0112,58,Male,Chennai,03-09-2023,328,45,7853.95,154,Silver Customer,Share targeted promotions and encourage engagement with loyalty programs.
CUSTX0013,27,Female,Kolkata,06-01-2024,107,3,710.48,111,Churn Customer,Send win-back emails with steep discounts and personalized offers.
CUST0370,43,Male,Chennai,10-11-2022,242,15,3682.1,223,Silver Customer,Share targeted promotions and encourage engagement with loyalty programs.
CUSTX0040,33,Male,Ahmedabad,1/17/2023,330,8,890.29,111,Churn Customer,Send win-back emails with steep discounts and personalized offers.
CUST0010,28,Female,Bangalore,20-04-2025,4,35,9668.35,545,Gold Customer,Offer loyalty rewards and exclusive discounts on premium products.
CUST0180,18,Male,Pune,4/28/2023,146,49,5783.59,354,Silver Customer,Share targeted promotions and encourage engagement with loyalty programs.
CUST0069,43,Male,Chennai,09-06-2023,107,37,1309.38,342,Silver Customer,Share targeted promotions and encourage engagement with loyalty programs.
CUST0244,37,Female,Mumbai,8/16/2022,341,8,813.55,111,Churn Customer,Send win-back emails with steep discounts and personalized offers.
CUST0144,43,Female,Bangalore,8/19/2024,351,48,3455.42,153,Silver Customer,Share targeted promotions and encourage engagement with loyalty programs.
CUST0276,20,Male,Bangalore,1/16/2024,41,25,7301.05,434,Gold Customer,Offer loyalty rewards and exclusive discounts on premium products.
CUST0254,28,Female,Chennai,8/22/2023,228,36,1240.22,242,Silver Customer,Share targeted promotions and encourage engagement with loyalty programs.
CUST0043,35,Male,Hyderabad,04-10-2023,326,41,8883.87,155,Silver Customer,Share targeted promotions and encourage engagement with loyalty programs.
CUST0048,43,Male,Hyderabad,8/16/2024,361,37,9465.14,145,Silver Customer,Share targeted promotions and encourage engagement with loyalty programs.
CUST0066,21,Male,Mumbai,8/23/2022,186,4,3650.87,213,Silver Customer,Share targeted promotions and encourage engagement with loyalty programs.
CUST0474,47,Male,Kolkata,05-07-2023,243,9,4349.47,213,Silver Customer,Share targeted promotions and encourage engagement with loyalty programs.
CUST0212,50,Male,Ahmedabad,10-10-2022,125,6,1658.36,312,Silver Customer,Share targeted promotions and encourage engagement with loyalty programs.
CUST0201,56,Male,Kolkata,6/24/2024,317,22,403.51,131,Silver Customer,Share targeted promotions and encourage engagement with loyalty programs.
CUST0451,46,Male,Mumbai,8/19/2023,253,44,7084.81,254,Silver Customer,Share targeted promotions and encourage engagement with loyalty programs.
CUST0135,18,Female,Bangalore,6/23/2024,295,42,1081.87,152,Silver Customer,Share targeted promotions and encourage engagement with loyalty programs.
CUST0129,18,Male,Jaipur,08-02-2024,160,43,5528.73,354,Silver Customer,Share targeted promotions and encourage engagement with loyalty programs.
CUST0475,54,Male,Kolkata,06-03-2023,330,41,6186.61,154,Silver Customer,Share targeted promotions and encourage engagement with loyalty programs.
CUST0078,31,Female,Bangalore,09-09-2024,79,39,1346.65,442,Silver Customer,Promote combo deals and personalized product bundles.
CUST0138,31,Male,Delhi,09-01-2022,22,10,6544.07,514,Silver Customer,Promote combo deals and personalized product bundles.
CUST0184,20,Male,Bangalore,2/24/2024,310,42,8202.43,155,Silver Customer,Share targeted promotions and encourage engagement with loyalty programs.
CUST0453,29,Male,Chennai,08-10-2023,93,48,151.99,351,Silver Customer,Share targeted promotions and encourage engagement with loyalty programs.
CUST0423,57,Male,Pune,9/16/2023,235,29,8474.33,235,Silver Customer,Share targeted promotions and encourage engagement with loyalty programs.
CUST0220,49,Male,Hyderabad,12-06-2024,99,1,7573.94,314,Silver Customer,Share targeted promotions and encourage engagement with loyalty programs.
CUST0132,64,Male,Ahmedabad,12/21/2022,261,8,5352.51,214,Silver Customer,Share targeted promotions and encourage engagement with loyalty programs.
CUST0415,56,Female,Pune,11-12-2023,174,43,8187.22,355,Silver Customer,Share targeted promotions and encourage engagement with loyalty programs.
CUST0094,18,Male,Jaipur,6/13/2023,19,48,6644.47,554,Gold Customer,Offer loyalty rewards and exclusive discounts on premium products.
CUSTX0027,25,Male,Delhi,1/14/2023,169,5,248.03,111,Churn Customer,Send win-back emails with steep discounts and personalized offers.
CUST0482,27,Female,Bangalore,01-09-2025,113,3,5307.99,314,Silver Customer,Share targeted promotions and encourage engagement with loyalty programs.
CUST0307,24,Male,Hyderabad,3/31/2023,275,30,8333.8,135,Silver Customer,Share targeted promotions and encourage engagement with loyalty programs.
CUST0321,44,Female,Delhi,11/13/2023,207,46,4808.73,253,Silver Customer,Share targeted promotions and encourage engagement with loyalty programs.
CUST0030,44,Female,Pune,04-06-2023,135,12,5657.93,324,Silver Customer,Share targeted promotions and encourage engagement with loyalty programs.
CUST0435,40,Female,Jaipur,10/14/2024,223,31,364.03,241,Silver Customer,Share targeted promotions and encourage engagement with loyalty programs.
CUST0263,33,Female,Pune,9/26/2023,248,32,2508.83,243,Silver Customer,Share targeted promotions and encourage engagement with loyalty programs.
CUST0118,51,Female,Ahmedabad,8/20/2022,14,19,4841.92,523,Silver Customer,Promote combo deals and personalized product bundles.
CUST0268,22,Female,Chennai,11/24/2023,39,18,3461.18,423,Silver Customer,Promote combo deals and personalized product bundles.
CUST0480,51,Female,Hyderabad,2/14/2023,47,20,9749.08,425,Gold Customer,Offer loyalty rewards and exclusive discounts on premium products.
CUST0127,44,Male,Mumbai,1/20/2023,222,41,2822.66,253,Silver Customer,Share targeted promotions and encourage engagement with loyalty programs.
CUST0353,20,Female,Ahmedabad,02-06-2024,9,22,3563.23,533,Gold Customer,Offer loyalty rewards and exclusive discounts on premium products.
CUST0355,42,Female,Jaipur,04-11-2024,26,35,7014.95,544,Gold Customer,Offer loyalty rewards and exclusive discounts on premium products.
CUST0091,46,Female,Ahmedabad,2/29/2024,359,40,1386.92,142,Silver Customer,Share targeted promotions and encourage engagement with loyalty programs.
CUST0252,57,Female,Pune,7/21/2024,218,36,7124.04,244,Silver Customer,Share targeted promotions and encourage engagement with loyalty programs.
CUST0085,64,Female,Delhi,06-01-2024,170,29,3352.74,333,Silver Customer,Share targeted promotions and encourage engagement with loyalty programs.
CUSTX0010,54,Female,Lucknow,04-09-2023,231,1,167.46,111,Churn Customer,Send win-back emails with steep discounts and personalized offers.
CUST0042,56,Male,Jaipur,10-12-2024,66,9,1062.2,412,Silver Customer,Share targeted promotions and encourage engagement with loyalty programs.
CUST0386,62,Male,Lucknow,02-12-2023,296,4,7686.45,114,Silver Customer,Share targeted promotions and encourage engagement with loyalty programs.
CUST0167,62,Male,Kolkata,08-12-2024,98,2,8694.11,315,Silver Customer,Share targeted promotions and encourage engagement with loyalty programs.
CUST0109,22,Male,Mumbai,6/13/2023,35,1,5088,414,Silver Customer,Share targeted promotions and encourage engagement with loyalty programs.
CUST0057,52,Male,Chennai,04-06-2024,18,31,423.89,541,Silver Customer,Share targeted promotions and encourage engagement with loyalty programs.
CUST0281,28,Male,Delhi,03-08-2023,355,9,2052.99,112,Silver Customer,Share targeted promotions and encourage engagement with loyalty programs.
CUST0444,57,Female,Kolkata,05-03-2023,237,19,6534.61,224,Silver Customer,Share targeted promotions and encourage engagement with loyalty programs.
CUST0067,46,Female,Chennai,03-02-2024,20,10,4041.58,513,Silver Customer,Promote combo deals and personalized product bundles.
CUSTX0004,61,Male,Kolkata,9/22/2023,154,6,492.82,111,Churn Customer,Send win-back emails with steep discounts and personalized offers.
CUST0387,37,Male,Delhi,11-06-2022,13,19,1397.39,522,Silver Customer,Promote combo deals and personalized product bundles.
CUST0203,20,Male,Lucknow,06-07-2023,47,45,2229.82,452,Silver Customer,Promote combo deals and personalized product bundles.
CUST0036,61,Male,Pune,6/13/2024,324,18,3091.68,123,Silver Customer,Share targeted promotions and encourage engagement with loyalty programs.
CUST0308,20,Female,Kolkata,6/17/2023,279,21,859.64,131,Silver Customer,Share targeted promotions and encourage engagement with loyalty programs.
CUSTX0038,49,Male,Bangalore,3/20/2024,116,5,949.9,111,Churn Customer,Send win-back emails with steep discounts and personalized offers.
CUST0211,49,Female,Hyderabad,3/16/2023,23,30,620.83,531,Silver Customer,Share targeted promotions and encourage engagement with loyalty programs.
CUST0156,32,Male,Lucknow,2/21/2023,153,35,1055.99,342,Silver Customer,Share targeted promotions and encourage engagement with loyalty programs.
CUST0225,41,Female,Ahmedabad,06-09-2023,124,4,4917.66,313,Silver Customer,Share targeted promotions and encourage engagement with loyalty programs.
CUST0327,64,Female,Mumbai,10-03-2022,13,32,7171.72,544,Gold Customer,Offer loyalty rewards and exclusive discounts on premium products.
CUST0354,35,Male,Kolkata,03-10-2023,276,44,9680.2,155,Silver Customer,Share targeted promotions and encourage engagement with loyalty programs.
CUST0071,51,Male,Kolkata,11/26/2022,127,6,4601.7,313,Silver Customer,Share targeted promotions and encourage engagement with loyalty programs.
CUST0149,49,Female,Jaipur,8/31/2022,35,30,6684.57,434,Gold Customer,Offer loyalty rewards and exclusive discounts on premium products.
CUSTX0022,34,Male,Hyderabad,02-08-2023,104,6,598.07,111,Churn Customer,Send win-back emails with steep discounts and personalized offers.
CUST0407,32,Female,Mumbai,06-05-2024,177,38,3741.63,343,Silver Customer,Share targeted promotions and encourage engagement with loyalty programs.
CUST0285,57,Female,Mumbai,05-09-2024,32,27,1853.75,432,Silver Customer,Promote combo deals and personalized product bundles.
CUST0361,41,Female,Delhi,09-11-2024,20,32,7937.45,544,Gold Customer,Offer loyalty rewards and exclusive discounts on premium products.
CUST0286,37,Female,Bangalore,02-10-2024,212,22,7751.2,234,Silver Customer,Share targeted promotions and encourage engagement with loyalty programs.
CUST0322,51,Male,Mumbai,8/17/2024,84,25,1593.52,432,Silver Customer,Promote combo deals and personalized product bundles.
CUST0420,47,Male,Lucknow,1/24/2025,221,35,8753.76,245,Silver Customer,Share targeted promotions and encourage engagement with loyalty programs.
CUST0341,58,Female,Mumbai,3/27/2024,194,27,6508.32,234,Silver Customer,Share targeted promotions and encourage engagement with loyalty programs.
CUST0200,29,Male,Hyderabad,2/15/2023,324,11,6368.4,124,Silver Customer,Share targeted promotions and encourage engagement with loyalty programs.
CUST0194,41,Female,Kolkata,4/28/2023,86,23,3464.26,433,Gold Customer,Offer loyalty rewards and exclusive discounts on premium products.
CUST0348,50,Female,Jaipur,05-05-2023,142,40,9072.79,345,Silver Customer,Share targeted promotions and encourage engagement with loyalty programs.
CUST0165,19,Female,Ahmedabad,02-10-2024,283,39,6686.87,144,Silver Customer,Share targeted promotions and encourage engagement with loyalty programs.
CUST0035,64,Male,Mumbai,7/30/2023,47,9,9102.94,415,Silver Customer,Share targeted promotions and encourage engagement with loyalty programs.
CUST0358,20,Male,Bangalore,12-03-2024,332,41,9386.22,155,Silver Customer,Share targeted promotions and encourage engagement with loyalty programs.
CUST0028,61,Male,Bangalore,3/22/2023,351,15,347.74,121,Silver Customer,Share targeted promotions and encourage engagement with loyalty programs.
CUST0288,42,Male,Ahmedabad,5/29/2023,169,18,7569.01,324,Silver Customer,Share targeted promotions and encourage engagement with loyalty programs.
CUST0401,39,Female,Kolkata,2/19/2024,154,40,4544.39,343,Silver Customer,Share targeted promotions and encourage engagement with loyalty programs.
CUST0351,40,Male,Ahmedabad,12/14/2024,41,42,5869.12,454,Gold Customer,Offer loyalty rewards and exclusive discounts on premium products.
CUST0296,52,Male,Mumbai,08-06-2024,299,32,6309.45,144,Silver Customer,Share targeted promotions and encourage engagement with loyalty programs.
CUST0466,29,Female,Mumbai,8/27/2024,97,40,4625.42,343,Silver Customer,Share targeted promotions and encourage engagement with loyalty programs.
CUST0083,62,Female,Ahmedabad,08-03-2024,12,25,2237.92,532,Silver Customer,Promote combo deals and personalized product bundles.
CUSTX0001,20,Female,Mumbai,09-01-2023,194,1,811.21,111,Churn Customer,Send win-back emails with steep discounts and personalized offers.
CUST0070,61,Female,Kolkata,5/28/2024,349,20,8495.53,125,Silver Customer,Share targeted promotions and encourage engagement with loyalty programs.
CUST0128,52,Female,Chennai,1/26/2025,176,38,6367.46,344,Silver Customer,Share targeted promotions and encourage engagement with loyalty programs.
CUST0044,21,Female,Lucknow,1/17/2024,134,49,1443.07,352,Silver Customer,Share targeted promotions and encourage engagement with loyalty programs.
CUST0051,45,Female,Ahmedabad,12-10-2024,4,31,1629.78,542,Silver Customer,Promote combo deals and personalized product bundles.
CUST0179,50,Female,Bangalore,01-03-2023,155,49,7649.8,354,Silver Customer,Share targeted promotions and encourage engagement with loyalty programs.
CUST0392,31,Male,Chennai,11/18/2023,203,16,8109.53,225,Silver Customer,Share targeted promotions and encourage engagement with loyalty programs.
CUST0297,33,Male,Kolkata,1/18/2025,356,10,1594.48,112,Silver Customer,Share targeted promotions and encourage engagement with loyalty programs.
CUST0214,36,Male,Chennai,6/28/2024,312,17,6772.29,124,Silver Customer,Share targeted promotions and encourage engagement with loyalty programs.
CUST0500,50,Male,Pune,03-11-2024,138,11,5505.54,324,Silver Customer,Share targeted promotions and encourage engagement with loyalty programs.
CUST0385,53,Female,Hyderabad,8/19/2022,55,21,3433.97,433,Gold Customer,Offer loyalty rewards and exclusive discounts on premium products.
CUST0100,61,Male,Kolkata,8/22/2024,156,17,1825.04,322,Silver Customer,Share targeted promotions and encourage engagement with loyalty programs.
CUST0055,25,Female,Lucknow,3/22/2024,76,4,4140.35,413,Silver Customer,Share targeted promotions and encourage engagement with loyalty programs.
CUST0019,41,Female,Ahmedabad,2/22/2025,54,47,5412.07,454,Gold Customer,Offer loyalty rewards and exclusive discounts on premium products.
CUST0410,50,Male,Mumbai,03-07-2023,338,30,4670.63,133,Silver Customer,Share targeted promotions and encourage engagement with loyalty programs.
CUST0326,45,Male,Kolkata,08-10-2022,273,10,3500.03,113,Silver Customer,Share targeted promotions and encourage engagement with loyalty programs.
CUST0428,36,Male,Lucknow,02-01-2025,267,28,9062.53,235,Silver Customer,Share targeted promotions and encourage engagement with loyalty programs.
CUST0182,30,Female,Kolkata,7/23/2023,220,31,8467.04,245,Silver Customer,Share targeted promotions and encourage engagement with loyalty programs.
CUST0087,43,Male,Hyderabad,10/31/2022,342,38,9015.26,145,Silver Customer,Share targeted promotions and encourage engagement with loyalty programs.
CUST0300,50,Female,Chennai,7/31/2023,194,31,3097.92,243,Silver Customer,Share targeted promotions and encourage engagement with loyalty programs.
CUSTX0021,38,Male,Kolkata,1/24/2023,205,2,985.63,111,Churn Customer,Send win-back emails with steep discounts and personalized offers.
CUST0125,57,Male,Delhi,11-12-2022,55,15,6122.14,424,Silver Customer,Promote combo deals and personalized product bundles.
CUST0014,57,Male,Lucknow,9/13/2023,339,13,9675.97,125,Silver Customer,Share targeted promotions and encourage engagement with loyalty programs.
CUST0248,50,Male,Bangalore,12/19/2022,162,16,9219.51,325,Silver Customer,Share targeted promotions and encourage engagement with loyalty programs.
CUST0209,40,Male,Hyderabad,12/16/2023,75,36,5719.18,444,Gold Customer,Offer loyalty rewards and exclusive discounts on premium products.
CUST0173,37,Female,Mumbai,02-04-2025,315,2,2206.11,112,Silver Customer,Share targeted promotions and encourage engagement with loyalty programs.
CUSTX0017,41,Male,Chennai,10-05-2023,319,4,995.73,111,Churn Customer,Send win-back emails with steep discounts and personalized offers.
CUST0271,26,Female,Hyderabad,10-06-2024,120,31,5153.78,344,Silver Customer,Share targeted promotions and encourage engagement with loyalty programs.
CUST0449,22,Male,Pune,08-03-2022,172,1,6991.11,314,Silver Customer,Share targeted promotions and encourage engagement with loyalty programs.
CUSTX0011,61,Female,Kolkata,1/19/2023,172,1,228.36,111,Churn Customer,Send win-back emails with steep discounts and personalized offers.
CUST0238,37,Male,Hyderabad,3/24/2025,285,36,1839.38,142,Silver Customer,Share targeted promotions and encourage engagement with loyalty programs.
CUSTX0039,27,Female,Hyderabad,1/16/2024,258,6,270.66,111,Churn Customer,Send win-back emails with steep discounts and personalized offers.
CUST0280,41,Male,Kolkata,02-10-2023,196,48,1549.8,252,Silver Customer,Share targeted promotions and encourage engagement with loyalty programs.
CUST0213,18,Female,Ahmedabad,3/19/2023,243,21,6216.6,234,Silver Customer,Share targeted promotions and encourage engagement with loyalty programs.
CUST0265,19,Female,Ahmedabad,11/16/2024,122,19,5287.23,324,Silver Customer,Share targeted promotions and encourage engagement with loyalty programs.
CUST0277,37,Female,Hyderabad,8/20/2024,70,13,8207.59,425,Silver Customer,Promote combo deals and personalized product bundles.
CUST0470,38,Female,Kolkata,7/23/2024,250,47,262.71,251,Silver Customer,Share targeted promotions and encourage engagement with loyalty programs.
CUST0111,56,Male,Kolkata,9/25/2023,179,29,529.31,331,Silver Customer,Share targeted promotions and encourage engagement with loyalty programs.
CUST0207,19,Male,Kolkata,01-04-2024,115,26,7243.8,334,Silver Customer,Share targeted promotions and encourage engagement with loyalty programs.
CUST0202,19,Male,Delhi,1/27/2023,171,27,7486.51,334,Silver Customer,Share targeted promotions and encourage engagement with loyalty programs.
CUST0400,40,Male,Lucknow,3/22/2025,356,6,7510.51,114,Silver Customer,Share targeted promotions and encourage engagement with loyalty programs.
CUSTX0014,64,Female,Kolkata,3/31/2023,130,3,575.98,111,Churn Customer,Send win-back emails with steep discounts and personalized offers.
CUST0279,50,Male,Lucknow,9/19/2023,118,33,2439.06,342,Silver Customer,Share targeted promotions and encourage engagement with loyalty programs.
CUST0256,42,Female,Lucknow,01-03-2025,243,6,3315.2,213,Silver Customer,Share targeted promotions and encourage engagement with loyalty programs.
CUST0360,63,Female,Ahmedabad,09-09-2024,333,49,3829.13,153,Silver Customer,Share targeted promotions and encourage engagement with loyalty programs.
CUST0406,23,Female,Pune,12/15/2023,21,32,8367.62,545,Gold Customer,Offer loyalty rewards and exclusive discounts on premium products.
CUST0151,47,Female,Bangalore,12-11-2023,169,20,1611.13,322,Silver Customer,Share targeted promotions and encourage engagement with loyalty programs.
CUST0459,31,Female,Chennai,5/21/2023,143,50,5324.94,354,Silver Customer,Share targeted promotions and encourage engagement with loyalty programs.
CUST0352,50,Male,Pune,1/21/2025,240,6,1500.14,212,Silver Customer,Share targeted promotions and encourage engagement with loyalty programs.
CUST0447,33,Female,Jaipur,02-05-2024,342,26,2940.11,133,Silver Customer,Share targeted promotions and encourage engagement with loyalty programs.
CUST0499,52,Male,Jaipur,7/17/2024,232,18,538.92,221,Silver Customer,Share targeted promotions and encourage engagement with loyalty programs.
CUST0383,30,Male,Mumbai,03-09-2025,83,2,8848.45,415,Silver Customer,Share targeted promotions and encourage engagement with loyalty programs.
CUST0404,39,Female,Lucknow,01-12-2023,61,44,8105.38,455,Gold Customer,Offer loyalty rewards and exclusive discounts on premium products.
CUST0104,34,Female,Bangalore,08-08-2022,337,16,7482.09,124,Silver Customer,Share targeted promotions and encourage engagement with loyalty programs.
CUST0049,19,Male,Kolkata,02-02-2023,218,19,4249.35,223,Silver Customer,Share targeted promotions and encourage engagement with loyalty programs.
CUST0119,50,Male,Lucknow,06-08-2023,59,46,4076.01,453,Gold Customer,Offer loyalty rewards and exclusive discounts on premium products.
CUST0106,52,Female,Mumbai,5/31/2023,204,36,7802.37,244,Silver Customer,Share targeted promotions and encourage engagement with loyalty programs.
CUST0143,32,Male,Bangalore,05-06-2024,275,39,2362.09,142,Silver Customer,Share targeted promotions and encourage engagement with loyalty programs.
CUST0230,28,Female,Lucknow,03-07-2024,54,49,176.1,451,Silver Customer,Share targeted promotions and encourage engagement with loyalty programs.
CUST0425,30,Male,Kolkata,2/18/2023,78,38,2922.12,443,Gold Customer,Offer loyalty rewards and exclusive discounts on premium products.
CUSTX0026,23,Female,Bangalore,12-11-2022,184,3,488.92,111,Churn Customer,Send win-back emails with steep discounts and personalized offers.
CUST0103,28,Male,Hyderabad,04-06-2023,12,11,5308.25,524,Silver Customer,Promote combo deals and personalized product bundles.
CUST0150,21,Male,Chennai,06-05-2023,340,45,3805.58,153,Silver Customer,Share targeted promotions and encourage engagement with loyalty programs.
CUST0154,56,Female,Chennai,11-02-2024,339,18,8334.54,125,Silver Customer,Share targeted promotions and encourage engagement with loyalty programs.
CUST0116,25,Male,Kolkata,03-01-2024,274,3,9643.86,115,Silver Customer,Share targeted promotions and encourage engagement with loyalty programs.
CUST0467,33,Male,Pune,05-09-2023,43,17,1197.49,422,Silver Customer,Promote combo deals and personalized product bundles.
CUST0294,35,Male,Ahmedabad,11/21/2024,215,38,6282.77,244,Silver Customer,Share targeted promotions and encourage engagement with loyalty programs.
CUST0002,46,Male,Kolkata,11/30/2024,80,17,8264.43,425,Silver Customer,Promote combo deals and personalized product bundles.
CUST0097,26,Male,Lucknow,10-09-2024,102,14,7920.85,324,Silver Customer,Share targeted promotions and encourage engagement with loyalty programs.
CUST0315,47,Male,Bangalore,4/20/2024,248,50,7939,254,Silver Customer,Share targeted promotions and encourage engagement with loyalty programs.
CUST0257,40,Female,Hyderabad,12/27/2024,230,15,8033.09,225,Silver Customer,Share targeted promotions and encourage engagement with loyalty programs.
CUSTX0042,34,Male,Hyderabad,11-08-2022,271,1,145.44,111,Churn Customer,Send win-back emails with steep discounts and personalized offers.
CUST0413,61,Male,Delhi,5/17/2023,259,30,5321.85,234,Silver Customer,Share targeted promotions and encourage engagement with loyalty programs.
CUST0080,57,Male,Ahmedabad,01-12-2025,83,15,779.24,421,Silver Customer,Share targeted promotions and encourage engagement with loyalty programs.
CUST0320,44,Male,Bangalore,05-09-2023,347,31,3283.11,143,Silver Customer,Share targeted promotions and encourage engagement with loyalty programs.
CUST0205,34,Female,Lucknow,11/30/2024,344,19,3474.87,123,Silver Customer,Share targeted promotions and encourage engagement with loyalty programs.
CUST0121,41,Male,Pune,09-01-2023,91,45,4953.66,353,Silver Customer,Share targeted promotions and encourage engagement with loyalty programs.
CUST0076,32,Male,Jaipur,3/19/2024,208,27,7889.27,234,Silver Customer,Share targeted promotions and encourage engagement with loyalty programs.
CUST0299,53,Female,Delhi,03-03-2025,294,35,4477.86,143,Silver Customer,Share targeted promotions and encourage engagement with loyalty programs.
CUST0041,26,Male,Hyderabad,12/20/2022,170,45,4976.98,353,Silver Customer,Share targeted promotions and encourage engagement with loyalty programs.
CUST0331,21,Male,Hyderabad,7/19/2024,339,38,4433.81,143,Silver Customer,Share targeted promotions and encourage engagement with loyalty programs.
CUSTX0032,32,Female,Hyderabad,11/20/2022,304,1,547.74,111,Churn Customer,Send win-back emails with steep discounts and personalized offers.
CUST0136,22,Male,Mumbai,1/16/2025,97,10,7047.62,314,Silver Customer,Share targeted promotions and encourage engagement with loyalty programs.
CUST0342,54,Male,Pune,1/16/2024,167,42,752.53,351,Silver Customer,Share targeted promotions and encourage engagement with loyalty programs.
CUST0102,41,Female,Kolkata,6/24/2024,114,6,7443.01,314,Silver Customer,Share targeted promotions and encourage engagement with loyalty programs.
CUST0275,33,Female,Jaipur,07-12-2023,276,10,3558.82,113,Silver Customer,Share targeted promotions and encourage engagement with loyalty programs.
CUST0325,50,Male,Delhi,3/15/2023,318,42,9001.36,155,Silver Customer,Share targeted promotions and encourage engagement with loyalty programs.
CUST0441,51,Male,Kolkata,1/13/2025,142,37,379.06,341,Silver Customer,Share targeted promotions and encourage engagement with loyalty programs.
CUST0032,45,Female,Lucknow,1/20/2024,250,1,2291.54,212,Silver Customer,Share targeted promotions and encourage engagement with loyalty programs.
CUST0246,24,Male,Jaipur,10-07-2022,286,41,518.79,151,Silver Customer,Share targeted promotions and encourage engagement with loyalty programs.
CUST0095,42,Female,Delhi,11/21/2022,240,7,355.22,211,Churn Customer,Send win-back emails with steep discounts and personalized offers.
CUST0110,59,Female,Lucknow,9/30/2024,142,27,9459.61,335,Silver Customer,Share targeted promotions and encourage engagement with loyalty programs.
CUST0317,55,Male,Bangalore,10/15/2023,199,3,4552.36,213,Silver Customer,Share targeted promotions and encourage engagement with loyalty programs.
CUST0418,62,Male,Kolkata,5/25/2024,250,19,2575.03,223,Silver Customer,Share targeted promotions and encourage engagement with loyalty programs.
CUST0232,50,Male,Ahmedabad,10-10-2024,112,41,2191.22,352,Silver Customer,Share targeted promotions and encourage engagement with loyalty programs.
CUST0255,45,Female,Chennai,7/29/2022,81,27,306.48,431,Silver Customer,Share targeted promotions and encourage engagement with loyalty programs.
CUST0190,54,Female,Mumbai,09-05-2023,345,41,2747.73,153,Silver Customer,Share targeted promotions and encourage engagement with loyalty programs.
CUSTX0020,48,Male,Jaipur,12/20/2022,239,5,865.37,111,Churn Customer,Send win-back emails with steep discounts and personalized offers.
CUST0139,56,Female,Chennai,08-02-2022,362,5,7712.73,114,Silver Customer,Share targeted promotions and encourage engagement with loyalty programs.
CUST0228,23,Female,Ahmedabad,09-02-2024,352,24,4013.11,133,Silver Customer,Share targeted promotions and encourage engagement with loyalty programs.
CUST0088,42,Male,Kolkata,7/29/2024,127,28,128.07,331,Silver Customer,Share targeted promotions and encourage engagement with loyalty programs.
CUST0264,43,Female,Bangalore,1/30/2023,320,46,5929.83,154,Silver Customer,Share targeted promotions and encourage engagement with loyalty programs.
CUST0117,29,Male,Delhi,6/21/2024,169,15,702.17,321,Silver Customer,Share targeted promotions and encourage engagement with loyalty programs.
CUST0471,56,Female,Delhi,6/26/2024,284,50,5202.22,154,Silver Customer,Share targeted promotions and encourage engagement with loyalty programs.
CUST0303,31,Female,Mumbai,7/31/2023,180,36,5122.64,344,Silver Customer,Share targeted promotions and encourage engagement with loyalty programs.
CUST0363,64,Male,Ahmedabad,12/21/2023,126,3,6734.15,314,Silver Customer,Share targeted promotions and encourage engagement with loyalty programs.
CUST0405,59,Female,Ahmedabad,01-11-2023,289,16,4743.25,123,Silver Customer,Share targeted promotions and encourage engagement with loyalty programs.
CUST0417,23,Female,Kolkata,09-11-2024,215,30,1470.15,232,Silver Customer,Share targeted promotions and encourage engagement with loyalty programs.
CUSTX0041,24,Female,Mumbai,3/27/2024,292,9,511.05,111,Churn Customer,Send win-back emails with steep discounts and personalized offers.
CUST0126,39,Female,Hyderabad,1/28/2023,305,17,750.25,121,Silver Customer,Share targeted promotions and encourage engagement with loyalty programs.
CUST0290,42,Male,Pune,01-01-2024,238,19,4544.16,223,Silver Customer,Share targeted promotions and encourage engagement with loyalty programs.
CUST0442,49,Female,Chennai,7/24/2023,230,19,9315.18,225,Silver Customer,Share targeted promotions and encourage engagement with loyalty programs.
CUST0460,45,Female,Hyderabad,08-05-2023,305,15,1200.75,122,Silver Customer,Share targeted promotions and encourage engagement with loyalty programs.
CUST0231,33,Male,Lucknow,02-03-2023,217,32,3084.05,243,Silver Customer,Share targeted promotions and encourage engagement with loyalty programs.
CUST0309,34,Male,Kolkata,1/23/2025,308,13,8656.08,125,Silver Customer,Share targeted promotions and encourage engagement with loyalty programs.
CUST0431,45,Female,Kolkata,10/27/2023,315,30,9469.49,135,Silver Customer,Share targeted promotions and encourage engagement with loyalty programs.
CUST0411,25,Male,Jaipur,01-12-2023,189,41,2889.54,253,Silver Customer,Share targeted promotions and encourage engagement with loyalty programs.
CUST0122,54,Male,Lucknow,08-12-2024,297,30,9106.04,135,Silver Customer,Share targeted promotions and encourage engagement with loyalty programs.
CUST0312,39,Female,Pune,09-09-2022,112,37,5119.97,344,Silver Customer,Share targeted promotions and encourage engagement with loyalty programs.
CUST0234,23,Male,Jaipur,1/17/2023,356,49,2629.64,153,Silver Customer,Share targeted promotions and encourage engagement with loyalty programs.
CUST0439,18,Female,Chennai,11-04-2022,125,37,9945.8,345,Silver Customer,Share targeted promotions and encourage engagement with loyalty programs.
CUST0172,61,Female,Mumbai,02-10-2023,89,38,5821.39,444,Gold Customer,Offer loyalty rewards and exclusive discounts on premium products.
CUST0283,53,Female,Delhi,8/31/2024,361,18,7626.13,124,Silver Customer,Share targeted promotions and encourage engagement with loyalty programs.
CUST0337,46,Male,Lucknow,12/18/2024,236,30,4146.82,233,Silver Customer,Share targeted promotions and encourage engagement with loyalty programs.
CUST0488,21,Female,Lucknow,01-08-2025,297,19,6393.14,124,Silver Customer,Share targeted promotions and encourage engagement with loyalty programs.
CUST0436,26,Female,Kolkata,1/25/2025,303,7,627.24,111,Churn Customer,Send win-back emails with steep discounts and personalized offers.
CUST0050,37,Female,Delhi,4/14/2024,287,31,7448.46,144,Silver Customer,Share targeted promotions and encourage engagement with loyalty programs.
CUST0362,49,Male,Bangalore,9/22/2023,15,35,8150.53,545,Gold Customer,Offer loyalty rewards and exclusive discounts on premium products.
CUST0229,39,Male,Pune,10/19/2024,2,40,6033.32,544,Gold Customer,Offer loyalty rewards and exclusive discounts on premium products.
CUSTX0029,35,Female,Hyderabad,9/16/2022,231,3,661.9,111,Churn Customer,Send win-back emails with steep discounts and personalized offers.
CUST0008,36,Male,Ahmedabad,11-02-2024,334,8,9632.64,115,Silver Customer,Share targeted promotions and encourage engagement with loyalty programs.
CUST0053,24,Male,Mumbai,2/29/2024,38,22,1080.31,432,Silver Customer,Promote combo deals and personalized product bundles.
CUST0093,62,Male,Bangalore,12/16/2023,195,40,1827.52,242,Silver Customer,Share targeted promotions and encourage engagement with loyalty programs.
CUST0458,46,Female,Bangalore,1/20/2024,174,19,7299.62,324,Silver Customer,Share targeted promotions and encourage engagement with loyalty programs.
CUST0217,43,Female,Bangalore,9/23/2024,212,50,4908.05,253,Silver Customer,Share targeted promotions and encourage engagement with loyalty programs.
CUST0174,47,Female,Pune,10/25/2022,291,49,6601.69,154,Silver Customer,Share targeted promotions and encourage engagement with loyalty programs.
CUST0298,58,Male,Lucknow,04-12-2024,10,29,776.03,531,Silver Customer,Share targeted promotions and encourage engagement with loyalty programs.
CUST0462,64,Female,Lucknow,10-06-2023,141,23,3081.4,333,Silver Customer,Share targeted promotions and encourage engagement with loyalty programs.
CUST0434,43,Male,Chennai,9/28/2023,238,25,3560.89,233,Silver Customer,Share targeted promotions and encourage engagement with loyalty programs.
CUST0253,18,Female,Mumbai,10-07-2022,280,1,4235.17,113,Silver Customer,Share targeted promotions and encourage engagement with loyalty programs.
CUST0240,36,Male,Ahmedabad,4/27/2024,62,19,7066.35,424,Silver Customer,Promote combo deals and personalized product bundles.
CUST0018,19,Female,Lucknow,2/20/2025,59,18,237.79,421,Silver Customer,Share targeted promotions and encourage engagement with loyalty programs.
CUST0346,48,Male,Ahmedabad,03-09-2023,172,17,7264.96,324,Silver Customer,Share targeted promotions and encourage engagement with loyalty programs.
CUST0024,38,Male,Delhi,7/17/2023,309,19,8241.93,125,Silver Customer,Share targeted promotions and encourage engagement with loyalty programs.
CUST0374,26,Female,Pune,12/18/2022,111,7,9481.92,315,Silver Customer,Share targeted promotions and encourage engagement with loyalty programs.
CUST0064,23,Female,Chennai,9/22/2023,21,41,5490.21,554,Gold Customer,Offer loyalty rewards and exclusive discounts on premium products.
CUSTX0031,29,Female,Lucknow,5/16/2024,105,2,140.87,111,Churn Customer,Send win-back emails with steep discounts and personalized offers.
CUST0189,26,Male,Hyderabad,07-10-2024,226,28,8311.66,235,Silver Customer,Share targeted promotions and encourage engagement with loyalty programs.
CUST0162,24,Male,Ahmedabad,01-11-2024,206,28,3363.5,233,Silver Customer,Share targeted promotions and encourage engagement with loyalty programs.
CUST0015,41,Male,Pune,12/25/2024,53,14,8065.42,425,Silver Customer,Promote combo deals and personalized product bundles.
CUST0166,59,Male,Bangalore,3/19/2024,65,17,7527.81,424,Silver Customer,Promote combo deals and personalized product bundles.
CUST0371,34,Female,Delhi,8/22/2022,342,48,3689.72,153,Silver Customer,Share targeted promotions and encourage engagement with loyalty programs.
CUST0485,18,Male,Mumbai,6/27/2023,124,47,5586.1,354,Silver Customer,Share targeted promotions and encourage engagement with loyalty programs.
CUST0001,56,Male,Jaipur,06-09-2023,145,20,2644,323,Silver Customer,Share targeted promotions and encourage engagement with loyalty programs.
CUSTX0023,40,Female,Ahmedabad,12-11-2022,157,2,159.11,111,Churn Customer,Send win-back emails with steep discounts and personalized offers.
CUST0197,49,Male,Chennai,4/26/2023,145,21,5706.58,334,Silver Customer,Share targeted promotions and encourage engagement with loyalty programs.
CUST0486,22,Male,Delhi,8/26/2023,156,9,3965.49,313,Silver Customer,Share targeted promotions and encourage engagement with loyalty programs.
CUST0343,41,Male,Pune,1/29/2024,108,10,1035.61,312,Silver Customer,Share targeted promotions and encourage engagement with loyalty programs.
CUST0006,38,Female,Hyderabad,7/17/2024,154,13,3453.28,323,Silver Customer,Share targeted promotions and encourage engagement with loyalty programs.
CUST0345,63,Male,Pune,10/22/2022,167,31,2913.06,343,Silver Customer,Share targeted promotions and encourage engagement with loyalty programs.
CUST0454,43,Female,Lucknow,7/25/2023,249,4,884.34,211,Churn Customer,Send win-back emails with steep discounts and personalized offers.
CUST0101,25,Female,Lucknow,05-08-2023,116,43,618.75,351,Silver Customer,Share targeted promotions and encourage engagement with loyalty programs.
CUST0208,45,Female,Kolkata,10/14/2024,101,49,7790.67,354,Silver Customer,Share targeted promotions and encourage engagement with loyalty programs.
CUST0412,61,Male,Ahmedabad,09-02-2023,35,17,3880.54,423,Silver Customer,Promote combo deals and personalized product bundles.
CUST0021,47,Male,Pune,8/13/2024,79,49,6761,454,Gold Customer,Offer loyalty rewards and exclusive discounts on premium products.
CUST0221,21,Male,Lucknow,10/15/2022,356,43,1226.79,152,Silver Customer,Share targeted promotions and encourage engagement with loyalty programs.
CUST0476,40,Male,Chennai,5/21/2024,364,7,2481.59,112,Silver Customer,Share targeted promotions and encourage engagement with loyalty programs.
CUST0483,36,Male,Bangalore,3/15/2025,207,38,5122.54,244,Silver Customer,Share targeted promotions and encourage engagement with loyalty programs.
CUST0448,56,Male,Chennai,11/22/2024,194,18,8314.64,225,Silver Customer,Share targeted promotions and encourage engagement with loyalty programs.
CUST0027,39,Female,Bangalore,09-02-2024,104,19,2414.84,322,Silver Customer,Share targeted promotions and encourage engagement with loyalty programs.
CUST0287,52,Male,Kolkata,05-07-2023,208,33,4991.76,243,Silver Customer,Share targeted promotions and encourage engagement with loyalty programs.
CUST0084,35,Male,Kolkata,1/23/2023,91,29,8709.98,335,Silver Customer,Share targeted promotions and encourage engagement with loyalty programs.
CUST0282,25,Male,Pune,4/18/2023,78,5,6063.75,414,Silver Customer,Share targeted promotions and encourage engagement with loyalty programs.
CUST0130,52,Male,Mumbai,12-04-2022,223,13,3319.34,223,Silver Customer,Share targeted promotions and encourage engagement with loyalty programs.
CUST0075,48,Male,Pune,10/24/2022,286,49,311.44,151,Silver Customer,Share targeted promotions and encourage engagement with loyalty programs.
CUST0157,60,Male,Hyderabad,8/28/2023,259,32,7414.08,244,Silver Customer,Share targeted promotions and encourage engagement with loyalty programs.
CUST0356,59,Male,Chennai,12/26/2022,179,25,3980.38,333,Silver Customer,Share targeted promotions and encourage engagement with loyalty programs.
CUST0408,60,Female,Delhi,1/16/2024,272,10,9476.59,115,Silver Customer,Share targeted promotions and encourage engagement with loyalty programs.
CUST0004,60,Male,Mumbai,2/24/2023,278,8,8084.24,115,Silver Customer,Share targeted promotions and encourage engagement with loyalty programs.
CUSTX0033,43,Female,Chennai,2/19/2023,216,7,367.39,111,Churn Customer,Send win-back emails with steep discounts and personalized offers.
CUST0026,29,Female,Kolkata,8/28/2023,175,13,1172.63,322,Silver Customer,Share targeted promotions and encourage engagement with loyalty programs.
CUST0058,31,Male,Kolkata,7/15/2023,189,8,3768.25,213,Silver Customer,Share targeted promotions and encourage engagement with loyalty programs.
CUST0079,40,Male,Bangalore,04-03-2023,121,40,5689.32,344,Silver Customer,Share targeted promotions and encourage engagement with loyalty programs.
CUST0134,20,Male,Pune,02-08-2024,197,15,6093.73,224,Silver Customer,Share targeted promotions and encourage engagement with loyalty programs.
CUST0033,33,Female,Pune,08-11-2024,128,46,725.85,351,Silver Customer,Share targeted promotions and encourage engagement with loyalty programs.
CUSTX0009,36,Female,Bangalore,3/31/2023,270,8,138.08,111,Churn Customer,Send win-back emails with steep discounts and personalized offers.
CUST0369,19,Female,Chennai,07-12-2024,64,19,4291.72,423,Silver Customer,Promote combo deals and personalized product bundles.
CUST0395,32,Male,Jaipur,02-08-2024,303,37,4167.5,143,Silver Customer,Share targeted promotions and encourage engagement with loyalty programs.
CUST0368,59,Male,Kolkata,12-07-2023,122,44,6495.65,354,Silver Customer,Share targeted promotions and encourage engagement with loyalty programs.
CUST0164,45,Female,Pune,08-05-2023,151,21,3600.62,333,Silver Customer,Share targeted promotions and encourage engagement with loyalty programs.
CUST0204,54,Female,Chennai,04-10-2024,120,32,4256.34,343,Silver Customer,Share targeted promotions and encourage engagement with loyalty programs.
CUST0175,28,Male,Delhi,12-02-2024,154,44,2320.02,352,Silver Customer,Share targeted promotions and encourage engagement with loyalty programs.
CUST0291,46,Male,Hyderabad,9/15/2022,212,47,9249.13,255,Silver Customer,Share targeted promotions and encourage engagement with loyalty programs.
CUST0270,49,Female,Lucknow,09-09-2023,146,31,1764.51,342,Silver Customer,Share targeted promotions and encourage engagement with loyalty programs.
CUST0210,54,Male,Ahmedabad,3/21/2025,12,3,941.07,511,Silver Customer,Share targeted promotions and encourage engagement with loyalty programs.
CUST0393,29,Male,Chennai,8/18/2024,101,34,1738.84,342,Silver Customer,Share targeted promotions and encourage engagement with loyalty programs.
CUST0022,55,Female,Bangalore,7/29/2024,139,34,6756.17,344,Silver Customer,Share targeted promotions and encourage engagement with loyalty programs.
CUST0461,22,Female,Bangalore,8/24/2023,359,39,2952.21,143,Silver Customer,Share targeted promotions and encourage engagement with loyalty programs.
CUST0421,64,Female,Lucknow,08-09-2023,185,11,5589.95,224,Silver Customer,Share targeted promotions and encourage engagement with loyalty programs.
CUST0457,39,Female,Mumbai,12/31/2024,132,32,5533.16,344,Silver Customer,Share targeted promotions and encourage engagement with loyalty programs.
CUST0192,59,Female,Pune,08-02-2022,261,6,7056.72,214,Silver Customer,Share targeted promotions and encourage engagement with loyalty programs.
CUST0219,23,Female,Hyderabad,09-02-2022,294,33,2804.35,143,Silver Customer,Share targeted promotions and encourage engagement with loyalty programs.
CUST0242,20,Male,Ahmedabad,03-05-2025,68,45,8350.21,455,Gold Customer,Offer loyalty rewards and exclusive discounts on premium products.
CUST0196,49,Female,Mumbai,11/27/2024,43,22,8711.64,435,Gold Customer,Offer loyalty rewards and exclusive discounts on premium products.
CUST0278,41,Male,Jaipur,8/16/2022,77,39,8168.87,445,Gold Customer,Offer loyalty rewards and exclusive discounts on premium products.
CUST0365,40,Female,Hyderabad,1/17/2024,10,5,7413.87,514,Silver Customer,Share targeted promotions and encourage engagement with loyalty programs.
CUST0222,28,Male,Chennai,6/23/2023,196,35,4356.14,243,Silver Customer,Share targeted promotions and encourage engagement with loyalty programs.
CUST0060,53,Female,Lucknow,12/19/2022,282,26,9510.5,135,Silver Customer,Share targeted promotions and encourage engagement with loyalty programs.
CUSTX0007,51,Male,Pune,10/20/2022,183,9,364.1,111,Churn Customer,Send win-back emails with steep discounts and personalized offers.
CUST0306,25,Male,Mumbai,01-11-2025,214,25,663.21,231,Silver Customer,Share targeted promotions and encourage engagement with loyalty programs.
CUST0074,31,Male,Ahmedabad,9/30/2022,181,36,6011.74,244,Silver Customer,Share targeted promotions and encourage engagement with loyalty programs.
CUST0163,39,Male,Ahmedabad,9/17/2022,356,48,1310.09,152,Silver Customer,Share targeted promotions and encourage engagement with loyalty programs.
CUST0390,63,Male,Pune,02-02-2024,346,28,8330.32,135,Silver Customer,Share targeted promotions and encourage engagement with loyalty programs.
CUSTX0034,58,Male,Mumbai,1/18/2024,316,7,535.34,111,Churn Customer,Send win-back emails with steep discounts and personalized offers.
CUST0017,39,Male,Delhi,1/17/2024,135,31,7927.75,344,Silver Customer,Share targeted promotions and encourage engagement with loyalty programs.
CUST0233,26,Female,Delhi,9/19/2023,90,29,1458.62,432,Silver Customer,Promote combo deals and personalized product bundles.
CUST0113,45,Male,Hyderabad,7/17/2024,260,39,8683.11,245,Silver Customer,Share targeted promotions and encourage engagement with loyalty programs.
CUST0424,33,Female,Chennai,1/21/2025,362,23,8526.54,135,Silver Customer,Share targeted promotions and encourage engagement with loyalty programs.
CUST0046,31,Male,Jaipur,6/13/2024,226,7,6737.81,214,Silver Customer,Share targeted promotions and encourage engagement with loyalty programs.
CUST0013,53,Female,Kolkata,9/23/2022,153,12,9801.43,325,Silver Customer,Share targeted promotions and encourage engagement with loyalty programs.
CUST0388,18,Male,Bangalore,7/25/2024,159,23,3829.53,333,Silver Customer,Share targeted promotions and encourage engagement with loyalty programs.
CUST0465,22,Male,Hyderabad,6/30/2024,264,13,7959.6,224,Silver Customer,Share targeted promotions and encourage engagement with loyalty programs.
CUST0012,41,Male,Ahmedabad,2/25/2023,283,45,7269.75,154,Silver Customer,Share targeted promotions and encourage engagement with loyalty programs.
CUST0077,25,Male,Pune,08-11-2023,317,39,2511.33,143,Silver Customer,Share targeted promotions and encourage engagement with loyalty programs.
CUST0206,19,Male,Mumbai,5/28/2024,158,43,3763.53,353,Silver Customer,Share targeted promotions and encourage engagement with loyalty programs.
CUST0258,48,Female,Kolkata,03-06-2023,132,8,6219.44,314,Silver Customer,Share targeted promotions and encourage engagement with loyalty programs.
CUST0082,33,Female,Hyderabad,5/17/2023,211,34,2150.86,242,Silver Customer,Share targeted promotions and encourage engagement with loyalty programs.
CUST0494,49,Female,Mumbai,08-12-2022,217,9,7356.12,214,Silver Customer,Share targeted promotions and encourage engagement with loyalty programs.
CUST0468,43,Male,Ahmedabad,3/22/2023,123,44,9060.95,355,Silver Customer,Share targeted promotions and encourage engagement with loyalty programs.
CUST0396,45,Female,Delhi,09-12-2022,353,44,6795.99,154,Silver Customer,Share targeted promotions and encourage engagement with loyalty programs.
CUST0023,19,Male,Pune,10/24/2023,144,39,5887.14,344,Silver Customer,Share targeted promotions and encourage engagement with loyalty programs.
CUST0031,59,Female,Chennai,9/13/2023,258,20,9161.03,225,Silver Customer,Share targeted promotions and encourage engagement with loyalty programs.
CUST0249,57,Male,Ahmedabad,5/14/2024,226,46,8634.89,255,Silver Customer,Share targeted promotions and encourage engagement with loyalty programs.
CUST0314,63,Male,Pune,10/26/2022,223,15,5587.73,224,Silver Customer,Share targeted promotions and encourage engagement with loyalty programs.
CUST0334,61,Male,Pune,12/19/2022,329,29,1671.59,132,Silver Customer,Share targeted promotions and encourage engagement with loyalty programs.
CUST0235,33,Female,Mumbai,8/23/2022,265,4,3348.41,213,Silver Customer,Share targeted promotions and encourage engagement with loyalty programs.
CUST0133,31,Male,Kolkata,05-05-2024,59,35,4591.78,443,Gold Customer,Offer loyalty rewards and exclusive discounts on premium products.
CUST0007,56,Male,Mumbai,08-08-2024,313,21,1240.18,132,Silver Customer,Share targeted promotions and encourage engagement with loyalty programs.
CUSTX0028,42,Female,Hyderabad,07-09-2023,356,5,860.49,111,Churn Customer,Send win-back emails with steep discounts and personalized offers.
CUST0155,62,Male,Bangalore,7/15/2024,63,33,1022.98,442,Silver Customer,Promote combo deals and personalized product bundles.
CUST0191,50,Female,Hyderabad,10/25/2022,109,32,1886.12,342,Silver Customer,Share targeted promotions and encourage engagement with loyalty programs.
CUST0456,54,Male,Kolkata,6/29/2023,181,48,8366.13,255,Silver Customer,Share targeted promotions and encourage engagement with loyalty programs.
CUST0181,44,Male,Bangalore,1/17/2024,107,12,8091.49,325,Silver Customer,Share targeted promotions and encourage engagement with loyalty programs.
CUST0045,42,Female,Bangalore,04-10-2024,82,32,4591.07,443,Gold Customer,Offer loyalty rewards and exclusive discounts on premium products.
CUST0394,40,Male,Kolkata,10/21/2022,38,27,4432.97,433,Gold Customer,Offer loyalty rewards and exclusive discounts on premium products.
CUST0169,45,Male,Pune,10/20/2023,340,15,9687.15,125,Silver Customer,Share targeted promotions and encourage engagement with loyalty programs.
CUST0304,38,Male,Hyderabad,08-11-2024,152,49,3173.04,353,Silver Customer,Share targeted promotions and encourage engagement with loyalty programs.
CUST0339,23,Male,Bangalore,5/20/2023,25,47,6019.07,554,Gold Customer,Offer loyalty rewards and exclusive discounts on premium products.
CUST0433,54,Female,Mumbai,11-02-2022,247,13,4566.17,223,Silver Customer,Share targeted promotions and encourage engagement with loyalty programs.
CUST0092,32,Male,Kolkata,6/13/2024,55,4,2581.48,413,Silver Customer,Share targeted promotions and encourage engagement with loyalty programs.
CUST0168,23,Male,Mumbai,11-03-2024,215,6,7238.5,214,Silver Customer,Share targeted promotions and encourage engagement with loyalty programs.
CUST0336,47,Female,Bangalore,09-11-2024,69,34,2900.65,443,Gold Customer,Offer loyalty rewards and exclusive discounts on premium products.
CUST0147,49,Male,Kolkata,2/13/2024,186,29,1041.35,232,Silver Customer,Share targeted promotions and encourage engagement with loyalty programs.
CUST0398,19,Male,Bangalore,10-07-2024,124,11,4497.57,323,Silver Customer,Share targeted promotions and encourage engagement with loyalty programs.
CUSTX0036,43,Female,Kolkata,5/16/2023,157,6,562.97,111,Churn Customer,Send win-back emails with steep discounts and personalized offers.
CUST0289,52,Female,Jaipur,03-07-2024,277,1,7622.78,114,Silver Customer,Share targeted promotions and encourage engagement with loyalty programs.
CUST0237,20,Male,Hyderabad,8/27/2022,25,18,7495.44,524,Silver Customer,Promote combo deals and personalized product bundles.
CUST0347,52,Male,Mumbai,1/28/2025,194,22,6599.98,234,Silver Customer,Share targeted promotions and encourage engagement with loyalty programs.
CUST0350,49,Male,Bangalore,06-02-2023,129,26,3400.28,333,Silver Customer,Share targeted promotions and encourage engagement with loyalty programs.
CUSTX0030,42,Male,Jaipur,09-10-2022,177,3,253.91,111,Churn Customer,Send win-back emails with steep discounts and personalized offers.
CUST0056,64,Male,Jaipur,11-08-2022,279,17,9520.06,125,Silver Customer,Share targeted promotions and encourage engagement with loyalty programs.
CUST0384,24,Female,Chennai,12/19/2024,159,3,473.7,311,Churn Customer,Send win-back emails with steep discounts and personalized offers.
CUST0186,23,Female,Bangalore,7/23/2023,164,18,6462.72,324,Silver Customer,Share targeted promotions and encourage engagement with loyalty programs.
CUST0115,26,Female,Mumbai,12-07-2023,347,19,4634.62,123,Silver Customer,Share targeted promotions and encourage engagement with loyalty programs.
CUST0430,36,Female,Jaipur,11/22/2023,138,17,4430.98,323,Silver Customer,Share targeted promotions and encourage engagement with loyalty programs.
CUST0489,33,Female,Delhi,9/21/2023,188,21,9812.29,235,Silver Customer,Share targeted promotions and encourage engagement with loyalty programs.
CUST0224,55,Female,Lucknow,11/14/2022,204,27,6817.01,234,Silver Customer,Share targeted promotions and encourage engagement with loyalty programs.
CUST0301,21,Female,Mumbai,09-04-2023,244,23,2819.27,233,Silver Customer,Share targeted promotions and encourage engagement with loyalty programs.
CUST0375,60,Female,Mumbai,10/24/2022,238,49,4914.08,253,Silver Customer,Share targeted promotions and encourage engagement with loyalty programs.
CUST0114,24,Male,Bangalore,10-08-2024,204,31,5262.37,244,Silver Customer,Share targeted promotions and encourage engagement with loyalty programs.
CUST0081,38,Female,Chennai,02-06-2025,90,50,7675.06,454,Gold Customer,Offer loyalty rewards and exclusive discounts on premium products.
CUST0284,55,Male,Delhi,3/25/2023,109,50,6589.54,354,Silver Customer,Share targeted promotions and encourage engagement with loyalty programs.
CUST0367,44,Female,Chennai,06-12-2024,78,41,5311.29,454,Gold Customer,Offer loyalty rewards and exclusive discounts on premium products.
CUST0316,55,Male,Ahmedabad,01-11-2025,14,27,8969.18,535,Gold Customer,Offer loyalty rewards and exclusive discounts on premium products.
CUST0037,20,Female,Kolkata,12/17/2022,216,3,4142.13,213,Silver Customer,Share targeted promotions and encourage engagement with loyalty programs.
CUST0090,58,Female,Mumbai,12-11-2024,81,37,1532.41,442,Silver Customer,Promote combo deals and personalized product bundles.
CUST0176,45,Male,Chennai,10/19/2024,207,18,1171.36,222,Silver Customer,Share targeted promotions and encourage engagement with loyalty programs.
CUSTX0002,54,Male,Kolkata,8/15/2023,354,7,989.22,111,Churn Customer,Send win-back emails with steep discounts and personalized offers.
CUST0328,50,Male,Delhi,8/18/2023,201,3,5095.04,214,Silver Customer,Share targeted promotions and encourage engagement with loyalty programs.
CUST0038,54,Female,Lucknow,10/16/2022,141,4,1483.79,312,Silver Customer,Share targeted promotions and encourage engagement with loyalty programs.
CUST0124,61,Female,Ahmedabad,4/26/2024,19,44,899.83,551,Silver Customer,Share targeted promotions and encourage engagement with loyalty programs.
CUST0403,39,Female,Mumbai,8/19/2022,307,40,3163.73,143,Silver Customer,Share targeted promotions and encourage engagement with loyalty programs.
CUST0479,53,Female,Lucknow,8/16/2022,8,3,947.58,511,Silver Customer,Share targeted promotions and encourage engagement with loyalty programs.
CUST0025,50,Male,Lucknow,2/25/2025,107,7,9408.89,315,Silver Customer,Share targeted promotions and encourage engagement with loyalty programs.
CUST0040,38,Female,Mumbai,02-06-2023,1,19,3113.21,523,Silver Customer,Promote combo deals and personalized product bundles.
CUST0478,22,Female,Mumbai,05-05-2024,229,42,6677.28,254,Silver Customer,Share targeted promotions and encourage engagement with loyalty programs.
CUSTX0005,47,Female,Ahmedabad,5/29/2023,264,3,546.09,111,Churn Customer,Send win-back emails with steep discounts and personalized offers.
CUST0332,52,Male,Mumbai,01-11-2023,13,22,4450.28,533,Gold Customer,Offer loyalty rewards and exclusive discounts on premium products.
CUST0422,52,Female,Delhi,03-02-2023,325,5,1115.64,112,Silver Customer,Share targeted promotions and encourage engagement with loyalty programs.
CUST0195,32,Female,Jaipur,3/17/2023,337,27,160.45,131,Silver Customer,Share targeted promotions and encourage engagement with loyalty programs.
CUSTX0037,64,Male,Kolkata,10/24/2023,329,2,340.46,111,Churn Customer,Send win-back emails with steep discounts and personalized offers.
CUST0492,19,Male,Jaipur,6/26/2024,271,12,7906.35,124,Silver Customer,Share targeted promotions and encourage engagement with loyalty programs.
CUST0123,52,Female,Delhi,4/23/2023,135,5,827.56,311,Churn Customer,Send win-back emails with steep discounts and personalized offers.
CUST0323,38,Male,Bangalore,9/19/2023,239,25,712.55,231,Silver Customer,Share targeted promotions and encourage engagement with loyalty programs.
CUST0105,25,Male,Hyderabad,4/25/2023,98,12,4814.84,323,Silver Customer,Share targeted promotions and encourage engagement with loyalty programs.
CUST0267,29,Female,Jaipur,5/19/2023,225,46,3171.72,253,Silver Customer,Share targeted promotions and encourage engagement with loyalty programs.
CUSTX0024,54,Female,Ahmedabad,01-06-2023,301,7,840.18,111,Churn Customer,Send win-back emails with steep discounts and personalized offers.
CUST0357,48,Male,Bangalore,10/24/2022,114,21,5990.91,334,Silver Customer,Share targeted promotions and encourage engagement with loyalty programs.
CUST0068,35,Female,Kolkata,01-03-2025,183,10,1979.1,212,Silver Customer,Share targeted promotions and encourage engagement with loyalty programs.
CUST0329,22,Male,Kolkata,08-12-2023,303,9,1808.33,112,Silver Customer,Share targeted promotions and encourage engagement with loyalty programs.
CUST0089,62,Male,Kolkata,10/19/2022,136,20,8598.22,325,Silver Customer,Share targeted promotions and encourage engagement with loyalty programs.
CUST0381,42,Female,Delhi,9/18/2023,310,45,7731.66,154,Silver Customer,Share targeted promotions and encourage engagement with loyalty programs.
CUST0120,40,Male,Chennai,4/20/2023,133,19,6892.37,324,Silver Customer,Share targeted promotions and encourage engagement with loyalty programs.
CUSTX0000,52,Male,Ahmedabad,2/23/2023,184,3,156.73,111,Churn Customer,Send win-back emails with steep discounts and personalized offers.
CUST0496,37,Male,Jaipur,10-04-2022,169,24,7737.86,334,Silver Customer,Share targeted promotions and encourage engagement with loyalty programs.
CUST0160,30,Female,Jaipur,2/19/2023,209,39,5906,244,Silver Customer,Share targeted promotions and encourage engagement with loyalty programs.
CUST0472,53,Male,Pune,2/13/2024,123,43,2495.19,352,Silver Customer,Share targeted promotions and encourage engagement with loyalty programs.
CUST0216,61,Female,Delhi,02-03-2023,233,8,6653.19,214,Silver Customer,Share targeted promotions and encourage engagement with loyalty programs.
CUST0145,59,Male,Mumbai,5/23/2023,343,37,4589.64,143,Silver Customer,Share targeted promotions and encourage engagement with loyalty programs.
CUST0445,62,Male,Ahmedabad,10/24/2022,291,2,7934.67,114,Silver Customer,Share targeted promotions and encourage engagement with loyalty programs.
CUST0338,63,Male,Lucknow,12/15/2024,93,1,3449.83,313,Silver Customer,Share targeted promotions and encourage engagement with loyalty programs.
CUST0178,56,Female,Ahmedabad,10-12-2024,0,3,3738.85,513,Silver Customer,Share targeted promotions and encourage engagement with loyalty programs.
CUST0495,44,Male,Mumbai,04-01-2024,281,35,6319.74,144,Silver Customer,Share targeted promotions and encourage engagement with loyalty programs.
CUSTX0008,29,Male,Delhi,7/28/2023,242,5,500.88,111,Churn Customer,Send win-back emails with steep discounts and personalized offers.
CUST0419,49,Female,Hyderabad,8/14/2024,54,44,6447.67,454,Gold Customer,Offer loyalty rewards and exclusive discounts on premium products.
CUST0378,59,Female,Bangalore,12/14/2024,188,7,863.93,211,Churn Customer,Send win-back emails with steep discounts and personalized offers.
CUST0020,61,Male,Bangalore,12/19/2024,283,38,4602.38,143,Silver Customer,Share targeted promotions and encourage engagement with loyalty programs.
CUST0099,18,Female,Chennai,3/26/2024,179,14,3305.34,323,Silver Customer,Share targeted promotions and encourage engagement with loyalty programs.
CUST0009,40,Male,Mumbai,03-01-2023,270,48,1493.49,252,Silver Customer,Share targeted promotions and encourage engagement with loyalty programs.
CUST0473,50,Female,Ahmedabad,11-10-2024,353,44,1521.41,152,Silver Customer,Share targeted promotions and encourage engagement with loyalty programs.
CUST0215,19,Female,Hyderabad,10/29/2023,37,21,2793.82,433,Gold Customer,Offer loyalty rewards and exclusive discounts on premium products.
CUST0047,26,Male,Delhi,10/16/2024,282,1,7457.09,114,Silver Customer,Share targeted promotions and encourage engagement with loyalty programs.
CUST0054,61,Female,Bangalore,12/15/2024,353,12,4944.54,123,Silver Customer,Share targeted promotions and encourage engagement with loyalty programs.
CUST0261,52,Female,Mumbai,1/13/2025,141,42,972.49,351,Silver Customer,Share targeted promotions and encourage engagement with loyalty programs.
CUST0005,25,Male,Lucknow,6/16/2024,360,47,7490.94,154,Silver Customer,Share targeted promotions and encourage engagement with loyalty programs.
CUST0262,24,Female,Kolkata,02-05-2023,266,10,8460.4,215,Silver Customer,Share targeted promotions and encourage engagement with loyalty programs.
CUST0469,43,Male,Bangalore,05-07-2024,208,49,6007.72,254,Silver Customer,Share targeted promotions and encourage engagement with loyalty programs.
CUST0259,47,Female,Pune,11/13/2023,126,30,8337.06,335,Silver Customer,Share targeted promotions and encourage engagement with loyalty programs.
CUST0241,43,Male,Chennai,11-10-2023,233,29,5052.6,234,Silver Customer,Share targeted promotions and encourage engagement with loyalty programs.
CUST0218,49,Male,Bangalore,10/22/2023,322,26,4476.24,133,Silver Customer,Share targeted promotions and encourage engagement with loyalty programs.
CUST0313,39,Female,Mumbai,2/20/2025,139,25,4680.85,333,Silver Customer,Share targeted promotions and encourage engagement with loyalty programs.
CUST0438,18,Male,Pune,01-01-2025,165,25,2434.2,332,Silver Customer,Share targeted promotions and encourage engagement with loyalty programs.
CUST0107,52,Male,Hyderabad,01-10-2025,168,5,5181.06,314,Silver Customer,Share targeted promotions and encourage engagement with loyalty programs.
CUST0330,36,Male,Bangalore,11/26/2023,288,33,2552.66,143,Silver Customer,Share targeted promotions and encourage engagement with loyalty programs.
CUST0366,19,Female,Hyderabad,9/18/2024,318,16,6885.6,124,Silver Customer,Share targeted promotions and encourage engagement with loyalty programs.
CUST0243,36,Male,Lucknow,11/30/2024,237,32,8081.38,245,Silver Customer,Share targeted promotions and encourage engagement with loyalty programs.
CUST0373,50,Female,Lucknow,12/27/2023,288,28,2220.51,132,Silver Customer,Share targeted promotions and encourage engagement with loyalty programs.
CUST0310,50,Female,Ahmedabad,08-02-2024,112,45,8567.4,355,Silver Customer,Share targeted promotions and encourage engagement with loyalty programs.
CUST0063,19,Male,Kolkata,12-10-2023,65,37,6888.23,444,Gold Customer,Offer loyalty rewards and exclusive discounts on premium products.
CUSTX0016,33,Male,Bangalore,02-02-2023,356,7,921.27,111,Churn Customer,Send win-back emails with steep discounts and personalized offers.
CUST0148,56,Female,Ahmedabad,10-01-2022,220,8,4324.96,213,Silver Customer,Share targeted promotions and encourage engagement with loyalty programs.
CUST0072,27,Male,Pune,6/20/2023,341,16,6661.41,124,Silver Customer,Share targeted promotions and encourage engagement with loyalty programs.
CUST0059,34,Female,Hyderabad,6/27/2024,298,5,4489.49,113,Silver Customer,Share targeted promotions and encourage engagement with loyalty programs.
CUST0260,59,Male,Jaipur,12-10-2022,326,8,9205.72,115,Silver Customer,Share targeted promotions and encourage engagement with loyalty programs.
CUST0052,64,Male,Ahmedabad,12/20/2024,57,29,4207.36,433,Gold Customer,Offer loyalty rewards and exclusive discounts on premium products.
CUST0199,58,Male,Mumbai,9/22/2023,339,7,1504.56,112,Silver Customer,Share targeted promotions and encourage engagement with loyalty programs.
CUST0463,47,Female,Chennai,05-05-2024,284,15,572.72,121,Silver Customer,Share targeted promotions and encourage engagement with loyalty programs.
CUST0226,22,Male,Kolkata,10/22/2023,75,13,6704.61,424,Silver Customer,Promote combo deals and personalized product bundles.
CUST0333,34,Female,Ahmedabad,11/26/2023,42,7,5275.21,414,Silver Customer,Share targeted promotions and encourage engagement with loyalty programs.
CUST0062,21,Male,Ahmedabad,03-08-2023,220,5,1083.61,212,Silver Customer,Share targeted promotions and encourage engagement with loyalty programs.
CUST0011,28,Female,Hyderabad,05-02-2023,341,49,8615.39,155,Silver Customer,Share targeted promotions and encourage engagement with loyalty programs.
CUST0455,33,Male,Delhi,02-12-2025,108,39,2633.65,343,Silver Customer,Share targeted promotions and encourage engagement with loyalty programs.
CUSTX0012,34,Female,Mumbai,2/19/2024,125,4,799.89,111,Churn Customer,Send win-back emails with steep discounts and personalized offers.
CUST0319,25,Male,Ahmedabad,06-12-2024,342,48,6553.19,154,Silver Customer,Share targeted promotions and encourage engagement with loyalty programs.
CUST0484,49,Female,Hyderabad,12-11-2023,354,24,9884.48,135,Silver Customer,Share targeted promotions and encourage engagement with loyalty programs.
CUST0295,19,Female,Mumbai,7/14/2024,199,43,8656.04,255,Silver Customer,Share targeted promotions and encourage engagement with loyalty programs.
CUST0198,41,Male,Pune,9/30/2022,263,43,4067.77,253,Silver Customer,Share targeted promotions and encourage engagement with loyalty programs.
CUST0380,52,Male,Hyderabad,5/27/2023,310,11,1101.29,122,Silver Customer,Share targeted promotions and encourage engagement with loyalty programs.
CUST0427,47,Male,Chennai,1/25/2025,90,41,2800.63,453,Gold Customer,Offer loyalty rewards and exclusive discounts on premium products.
CUST0061,57,Female,Delhi,02-08-2025,75,32,8568.96,445,Gold Customer,Offer loyalty rewards and exclusive discounts on premium products.
CUST0464,63,Male,Ahmedabad,08-10-2022,5,41,4256.27,553,Gold Customer,Offer loyalty rewards and exclusive discounts on premium products.
CUST0187,25,Male,Ahmedabad,12-01-2023,238,12,359.91,221,Silver Customer,Share targeted promotions and encourage engagement with loyalty programs.
CUST0140,44,Female,Ahmedabad,8/22/2023,223,4,7236.32,214,Silver Customer,Share targeted promotions and encourage engagement with loyalty programs.
CUST0452,20,Male,Lucknow,7/15/2024,166,50,4541.15,353,Silver Customer,Share targeted promotions and encourage engagement with loyalty programs.
CUST0344,46,Male,Delhi,12-02-2023,232,5,6815.96,214,Silver Customer,Share targeted promotions and encourage engagement with loyalty programs.
CUST0481,48,Male,Hyderabad,08-09-2022,150,29,770.03,331,Silver Customer,Share targeted promotions and encourage engagement with loyalty programs.
CUST0305,37,Male,Jaipur,3/17/2025,199,35,4573.95,243,Silver Customer,Share targeted promotions and encourage engagement with loyalty programs.
CUST0399,49,Male,Hyderabad,03-01-2024,52,12,2920.79,423,Silver Customer,Promote combo deals and personalized product bundles.
CUST0073,53,Male,Hyderabad,6/30/2023,52,8,6452.87,414,Silver Customer,Share targeted promotions and encourage engagement with loyalty programs.
CUST0437,29,Female,Lucknow,10/21/2023,137,16,5069.87,324,Silver Customer,Share targeted promotions and encourage engagement with loyalty programs.
CUST0193,61,Female,Hyderabad,3/13/2025,242,31,3158.95,243,Silver Customer,Share targeted promotions and encourage engagement with loyalty programs.
CUST0432,43,Male,Delhi,8/26/2022,275,20,2298.18,122,Silver Customer,Share targeted promotions and encourage engagement with loyalty programs.
CUST0153,40,Female,Chennai,6/26/2024,160,26,764.62,331,Silver Customer,Share targeted promotions and encourage engagement with loyalty programs.
CUST0293,63,Female,Chennai,12/18/2023,105,38,6389.45,344,Silver Customer,Share targeted promotions and encourage engagement with loyalty programs.
CUST0491,33,Female,Jaipur,10/23/2023,283,27,260.8,131,Silver Customer,Share targeted promotions and encourage engagement with loyalty programs.
CUST0146,30,Female,Ahmedabad,10/30/2023,100,19,4218.3,323,Silver Customer,Share targeted promotions and encourage engagement with loyalty programs.
CUST0324,47,Male,Delhi,11-09-2024,65,43,1124.67,452,Silver Customer,Promote combo deals and personalized product bundles.
CUST0158,46,Female,Jaipur,9/20/2023,158,29,8136.52,335,Silver Customer,Share targeted promotions and encourage engagement with loyalty programs.
CUST0376,56,Male,Pune,10/30/2022,358,41,2342.78,152,Silver Customer,Share targeted promotions and encourage engagement with loyalty programs.
CUST0142,32,Male,Delhi,3/20/2023,266,20,4570.39,223,Silver Customer,Share targeted promotions and encourage engagement with loyalty programs.
CUST0429,34,Female,Hyderabad,08-04-2023,333,45,1558.75,152,Silver Customer,Share targeted promotions and encourage engagement with loyalty programs.
CUST0003,32,Male,Ahmedabad,2/27/2025,224,15,4870.29,223,Silver Customer,Share targeted promotions and encourage engagement with loyalty programs.
CUST0177,42,Male,Ahmedabad,6/21/2023,280,37,8469.2,145,Silver Customer,Share targeted promotions and encourage engagement with loyalty programs.
CUST0065,59,Female,Jaipur,11/17/2024,157,44,9780.64,355,Silver Customer,Share targeted promotions and encourage engagement with loyalty programs.
CUST0389,25,Female,Pune,10-05-2024,294,24,1706.25,132,Silver Customer,Share targeted promotions and encourage engagement with loyalty programs.
CUST0340,52,Male,Delhi,01-08-2024,133,10,7913.35,314,Silver Customer,Share targeted promotions and encourage engagement with loyalty programs.
CUST0359,57,Male,Mumbai,7/13/2024,35,46,3164.86,453,Gold Customer,Offer loyalty rewards and exclusive discounts on premium products.
CUST0409,54,Female,Bangalore,04-11-2023,219,15,9845.95,225,Silver Customer,Share targeted promotions and encourage engagement with loyalty programs.
CUSTX0003,61,Female,Chennai,5/21/2024,188,5,420.92,111,Churn Customer,Send win-back emails with steep discounts and personalized offers.
CUST0266,18,Female,Chennai,11/13/2024,140,33,4018.09,343,Silver Customer,Share targeted promotions and encourage engagement with loyalty programs.
CUST0377,46,Male,Chennai,09-08-2023,131,46,1461.9,352,Silver Customer,Share targeted promotions and encourage engagement with loyalty programs.
CUST0239,53,Female,Chennai,7/20/2023,127,9,3864.05,313,Silver Customer,Share targeted promotions and encourage engagement with loyalty programs.
CUST0487,62,Male,Jaipur,12-12-2024,339,6,4754.34,113,Silver Customer,Share targeted promotions and encourage engagement with loyalty programs.
CUST0440,64,Female,Lucknow,9/15/2024,44,23,3811.64,433,Gold Customer,Offer loyalty rewards and exclusive discounts on premium products.
CUST0272,58,Male,Jaipur,6/26/2024,139,16,1228.86,322,Silver Customer,Share targeted promotions and encourage engagement with loyalty programs.
CUST0185,56,Male,Pune,2/28/2024,335,29,6174.38,134,Silver Customer,Share targeted promotions and encourage engagement with loyalty programs.
CUST0236,46,Male,Ahmedabad,9/28/2023,237,14,176.53,221,Silver Customer,Share targeted promotions and encourage engagement with loyalty programs.
CUST0245,49,Female,Lucknow,3/18/2024,271,2,8631.47,115,Silver Customer,Share targeted promotions and encourage engagement with loyalty programs.
CUST0318,62,Female,Mumbai,7/24/2024,172,21,8117.18,335,Silver Customer,Share targeted promotions and encourage engagement with loyalty programs.
CUSTX0035,62,Male,Kolkata,10/15/2022,164,6,874.48,111,Churn Customer,Send win-back emails with steep discounts and personalized offers.
CUST0446,18,Male,Delhi,7/27/2024,312,43,1462.24,152,Silver Customer,Share targeted promotions and encourage engagement with loyalty programs.
CUST0029,42,Female,Jaipur,5/29/2023,324,24,8853.92,135,Silver Customer,Share targeted promotions and encourage engagement with loyalty programs.
CUST0302,50,Female,Pune,08-01-2024,3,22,656.1,531,Silver Customer,Share targeted promotions and encourage engagement with loyalty programs.
CUSTX0019,25,Female,Bangalore,3/30/2023,135,6,700.39,111,Churn Customer,Send win-back emails with steep discounts and personalized offers.
CUST0379,43,Female,Bangalore,02-01-2025,85,29,8459.84,435,Gold Customer,Offer loyalty rewards and exclusive discounts on premium products.
CUSTX0006,55,Female,Kolkata,1/13/2023,227,2,753.65,111,Churn Customer,Send win-back emails with steep discounts and personalized offers.
CUST0096,24,Male,Ahmedabad,3/16/2024,113,49,247.12,351,Silver Customer,Share targeted promotions and encourage engagement with loyalty programs.
CUST0416,21,Male,Jaipur,10/17/2024,6,1,8032.47,515,Silver Customer,Share targeted promotions and encourage engagement with loyalty programs.
CUST0274,36,Female,Lucknow,10/13/2022,163,36,9068.64,345,Silver Customer,Share targeted promotions and encourage engagement with loyalty programs.
CUST0141,26,Female,Jaipur,10-09-2022,0,11,2228.73,522,Silver Customer,Promote combo deals and personalized product bundles.
CUST0269,54,Female,Jaipur,7/29/2022,365,27,3397.38,133,Silver Customer,Share targeted promotions and encourage engagement with loyalty programs.
CUST0247,58,Female,Kolkata,11/24/2022,304,39,285.54,141,Silver Customer,Share targeted promotions and encourage engagement with loyalty programs.
CUST0251,35,Female,Kolkata,1/24/2025,258,20,5776.66,224,Silver Customer,Share targeted promotions and encourage engagement with loyalty programs.
CUST0414,22,Female,Jaipur,3/20/2023,331,17,9666.05,125,Silver Customer,Share targeted promotions and encourage engagement with loyalty programs.
CUST0034,32,Male,Jaipur,12/21/2023,26,35,8256.17,545,Gold Customer,Offer loyalty rewards and exclusive discounts on premium products.
CUST0170,45,Male,Mumbai,11-05-2023,194,44,6044.06,254,Silver Customer,Share targeted promotions and encourage engagement with loyalty programs.
CUST0227,51,Male,Kolkata,07-10-2023,335,34,549.63,141,Silver Customer,Share targeted promotions and encourage engagement with loyalty programs.
CUST0311,29,Male,Mumbai,1/14/2025,249,16,6188.58,224,Silver Customer,Share targeted promotions and encourage engagement with loyalty programs.
CUST0450,39,Male,Lucknow,9/25/2022,14,37,1474.05,542,Silver Customer,Promote combo deals and personalized product bundles.
CUST0382,41,Female,Delhi,11/19/2022,58,20,8367.69,425,Gold Customer,Offer loyalty rewards and exclusive discounts on premium products.
CUST0108,50,Male,Mumbai,07-10-2023,142,11,1179.63,322,Silver Customer,Share targeted promotions and encourage engagement with loyalty programs.
CUST0426,59,Male,Delhi,05-07-2024,222,20,7654.86,224,Silver Customer,Share targeted promotions and encourage engagement with loyalty programs.
CUST0493,45,Female,Ahmedabad,11-09-2024,176,13,3513.54,323,Silver Customer,Share targeted promotions and encourage engagement with loyalty programs.
CUST0016,20,Female,Ahmedabad,7/29/2023,68,48,3721.17,453,Gold Customer,Offer loyalty rewards and exclusive discounts on premium products.
CUST0161,49,Female,Delhi,08-04-2023,167,3,5659.71,314,Silver Customer,Share targeted promotions and encourage engagement with loyalty programs.
CUST0397,51,Female,Chennai,1/23/2025,321,12,2451.55,122,Silver Customer,Share targeted promotions and encourage engagement with loyalty programs.
CUST0349,38,Female,Pune,5/25/2023,215,45,8745.47,255,Silver Customer,Share targeted promotions and encourage engagement with loyalty programs.
CUSTX0015,29,Female,Kolkata,09-01-2022,233,4,963.51,111,Churn Customer,Send win-back emails with steep discounts and personalized offers.
CUST0497,41,Male,Ahmedabad,1/13/2025,180,34,7378.35,344,Silver Customer,Share targeted promotions and encourage engagement with loyalty programs.
CUST0039,24,Male,Jaipur,3/18/2025,22,36,9467.99,545,Gold Customer,Offer loyalty rewards and exclusive discounts on premium products.
CUST0364,39,Female,Ahmedabad,11-01-2024,102,40,8306.69,345,Silver Customer,Share targeted promotions and encourage engagement with loyalty programs.
CUST0183,58,Female,Kolkata,1/18/2025,296,34,9748.01,145,Silver Customer,Share targeted promotions and encourage engagement with loyalty programs.
CUST0171,61,Female,Jaipur,12/21/2024,346,37,3581.3,143,Silver Customer,Share targeted promotions and encourage engagement with loyalty programs.
CUST0131,54,Male,Jaipur,2/20/2025,310,28,9946.81,135,Silver Customer,Share targeted promotions and encourage engagement with loyalty programs.
CUST0098,41,Female,Bangalore,03-10-2024,235,41,2455.52,252,Silver Customer,Share targeted promotions and encourage engagement with loyalty programs.
CUST0188,44,Male,Lucknow,9/30/2023,226,38,9297.93,245,Silver Customer,Share targeted promotions and encourage engagement with loyalty programs.
CUST0152,54,Male,Chennai,10/29/2024,319,45,9237.55,155,Silver Customer,Share targeted promotions and encourage engagement with loyalty programs.
CUST0159,53,Male,Lucknow,6/28/2024,341,6,5608.07,114,Silver Customer,Share targeted promotions and encourage engagement with loyalty programs.
CUSTX0025,33,Male,Bangalore,08-08-2023,128,8,518.78,111,Churn Customer,Send win-back emails with steep discounts and personalized offers.
CUST0273,52,Male,Chennai,10-01-2023,171,30,5148.53,334,Silver Customer,Share targeted promotions and encourage engagement with loyalty programs.
CUST0490,41,Female,Chennai,8/18/2024,242,48,2611.14,253,Silver Customer,Share targeted promotions and encourage engagement with loyalty programs.
CUST0443,42,Male,Jaipur,1/14/2025,124,45,8407.85,355,Silver Customer,Share targeted promotions and encourage engagement with loyalty programs.
CUST0402,42,Female,Ahmedabad,6/26/2024,350,25,5386.71,134,Silver Customer,Share targeted promotions and encourage engagement with loyalty programs.
CUST0372,57,Female,Pune,01-06-2025,58,6,1884.6,412,Silver Customer,Share targeted promotions and encourage engagement with loyalty programs.
CUST0223,34,Male,Hyderabad,5/23/2024,253,30,2904.14,233,Silver Customer,Share targeted promotions and encourage engagement with loyalty programs.
CUST0477,27,Male,Ahmedabad,12-12-2023,251,41,4224.02,253,Silver Customer,Share targeted promotions and encourage engagement with loyalty programs.
CUST0498,29,Female,Lucknow,10-06-2022,359,33,3391.93,143,Silver Customer,Share targeted promotions and encourage engagement with loyalty programs.
CUST0137,43,Female,Chennai,8/20/2024,130,18,8542.65,325,Silver Customer,Share targeted promotions and encourage engagement with loyalty programs.
CUSTX0018,36,Female,Ahmedabad,12-06-2023,153,3,866.69,111,Churn Customer,Send win-back emails with steep discounts and personalized offers.
CUST0335,45,Female,Pune,02-02-2024,219,7,3791.23,213,Silver Customer,Share targeted promotions and encourage engagement with loyalty programs.
CUST0391,33,Male,Hyderabad,11/13/2023,192,10,7733.87,214,Silver Customer,Share targeted promotions and encourage engagement with loyalty programs.
CUST0250,56,Male,Jaipur,7/22/2024,313,11,5800.02,124,Silver Customer,Share targeted promotions and encourage engagement with loyalty programs.
CUST0086,41,Male,Hyderabad,01-02-2025,210,20,1560.79,222,Silver Customer,Share targeted promotions and encourage engagement with loyalty programs.
